model_name,accuracy,f2_score,precision_at_k,pr_auc,precision,recall
logistic,0.9324324324324325,0.6521739130434783,0.42857142857142855,0.5336309523809524,0.42857142857142855,0.75
random_forest,0.9594594594594594,0.29411764705882354,0.42857142857142855,0.5479166666666666,1.0,0.25
xgboost,0.9459459459459459,0.2777777777777778,0.42857142857142855,0.5022540266106442,0.5,0.25
ensemble,0.9594594594594594,0.29411764705882354,0.42857142857142855,0.5827380952380952,1.0,0.25
